Module,Domain,ThTr_655,K401,Kifa_500,NaGr_392,AdPa_408,TiLa_514,AcSu_575,AcSu2_530,HeAl_513,DiPu_513,Kif3_592
Hydrolysis,b6-b7,H,H,H,H,H,H,H,H,H,H,H
Hydrolysis,b6-b7,A,S,S,S,S,S,S,S,S,S,S
Hydrolysis,b6-b7,I,V,I,I,L,I,I,I,I,I,I
Hydrolysis,b6-b7,F,F,F,F,F,F,F,F,F,F,F
Hydrolysis,b6-b7,S,L,L,I,I,I,I,I,I,I,I
Hydrolysis,b6-b7,L,I,I,I,L,L,L,L,L,L,L
Hydrolysis,b6-b7,I,N,N,T,T,S,S,S,T,T,T
Hydrolysis,b6-b7,L,V,I,I,I,I,I,I,I,I,I
Hydrolysis,b6-b7,E,K,K,G,G,Q,Q,Q,Q,Q,Q
Hydrolysis,b6-b7,Q,Q,Q,Q,Q,Q,Q,Q,Q,Q,Q
Hydrolysis,b6-b7,S,E,E,K,K,K,K,K,K,K,K
Hydrolysis,b6-b7,P,N,N,H,N,N,N,N,N,N,N
Hydrolysis,b6-b7,A,L,M,L,-,L,L,L,L,L,L
Hydrolysis,b6-b7,S,E,E,V,Q,L,K,K,K,K,K
Hydrolysis,b6-b7,G,N,T,N,E,K,E,E,E,E,V
Hydrolysis,b6-b7,A,Q,E,L,G,G,G,G,G,G,G
Hydrolysis,b6-b7,G,K,Q,D,S,T,S,S,S,S,S
Hydrolysis,b6-b7,R,K,K,S,T,V,L,N,N,V,I
Hydrolysis,b6-b7,L,L,L,K,K,K,K,K,K,K,K
Hydrolysis,b6-b7,V,S,S,T,S,T,N,H,S,T,T
Hydrolysis,b6-b7,S,G,G,G,G,G,G,G,G,G,G
Hydrolysis,b6-b7,K,K,K,K,K,K,K,K,K,K,K
Hydrolysis,b6-b7,F,L,L,L,L,L,L,L,L,L,L
Hydrolysis,b6-b7,H,Y,Y,F,Y,Y,Y,Y,Y,Y,Y
Hydrolysis,b6-b7,F,L,L,L,L,L,L,L,L,L,L
Hydrolysis,b6-b7,V,V,V,V,V,V,V,V,V,V,V
Hydrolysis,L11-SwII,D,D,D,D,D,D,D,D,D,D,D
